FirstName,LastName,UserDocument,Address,Telephone,Username,Password,Email
Antonia,Dumitru,ID,Romania,0743992550,antoniaDumitru,antoniaDumitru@123,antoniadumitru@gmail.com
Mara,Popescu,ID,Romania,0734552430,maraPopescu,maraPopescu@123,marapopescu@gmail.com
Ana,Topor,PASSPORT,Romania,0787667888,anaTopor,anaTopor@123,anatopor@gmail.com
Mihai,Stoica,ID,Romania,0766324339,mihaiStoica,mihaiStoica@123,mihaistoica@gmail.com
Andrei,Ionescu,PASSPORT,Romania,0743554772,andreiIonescu,andreiIonescu@123,andreiionescu@gmail.com
George,Rusu,ID,Romania,0733229349,georgeRusu,georgeRusu@123,georgerusu@gmail.com
Daria,Popescu,PASSPORT,Romania,0744537222,dariaPopescu,dariaPopescu@123,dariaPopescu@gmail.com
Anda,Diaconescu,ID,Romania,0766655342,andaDiaconescu,andaDiaconescu@123,andadiaconescu@gmail.com
Sarah,Fink,PASSPORT,Italy,0343554986,sarahFink,sarahFink@123,sarahfink@gmail.com
Loredana,Lungu,ID,Romania,0743222344,loredanaLungu,loredanaLungu@123,loredanalungu@gmail.com
Serena,Wolf,PASSPORT,Austria,0435664329,serenaWolf,serenaWolf@123,serenawolf@gmail.com
Luiza,Milu,ID,Romania,0788333222,luizaMilu,luizaMilu@123,luizamilu@gmail.com
Toti,Giovanni,PASSPORT,Italy,0343553926,totiGiovanni,totiGiovanni@123,totigiovanni@gmail.com
Matei,Droanca,ID,Romania,0754366233,mateiDroanca,mateiDroanca@123,mateiDroanca@gmail.com
Catalin,Ionascu,ID,Romania,0783222438,catalinIonascu,catalinIonascu@123,catalinionascu@gmail.com
Dinu,Pandele,ID,Romania,0754338274,dinuPandele,dinuPandele@123,dinupandele@gmail.com
Denis,Stemate,ID,Romania,0738492032,denisStemate,denisStemate@123,denis.stemate@gmail.com